id,user,location,tweet,lang
1250643196918587392,NewsINF14,,"https://t.co/ALvjS4RdZi updates, April 16: Latest news on the COVID-19 pandemic from Pakistan and around the world https://t.co/VSXMiGhmwZ",en
1250643196801159168,jakejr23,"Miami Lakes, FL",This dude done played too many video games or watched too many action flicks üòÇüòÇüòÇ üòÇ He ready for anything that might‚Ä¶ https://t.co/NtyDIOVLaV,en
1250643196930977792,paulwiggins,Homebush NSW,"New York City coronavirus death toll jumps past 10,000 in revised count https://t.co/w61cC9niDO",en
1250643196956176384,ChristineLethl1,,"I don‚Äôt drink but I can empathise why alcohol consumption would rise. It‚Äôs a very cheap, accessible and readily ava‚Ä¶ https://t.co/zs6TNZn63Y",en
1250643197040230400,SebastiNepg,,@ByronFigueroac4 Tu te has convetido en la sensaci√≥n del Coronavirus y el deseo prohibido de muchos hombres no digo‚Ä¶ https://t.co/HFCUB0gD4w,es
1250643197342121985,a6ustinamart,Jujuy. San Miguel de Tucum√°n,"Era el cumple de mi abuela y se juntaron a festejar, lo peor es que lo llamo a mi pap√° preguntando porque no fue so‚Ä¶ https://t.co/K80S1XqoZq",es
1250643197468069888,TransGirlAlicia,Minnesota ,@StopTweetingMia Quarantine seems to have dissolved all filters üòÇüòÇüòÇ,en
1250643197560324096,juliamaqueoe_,,La cuarentena me est√° haciendo hacer cosas que jam√°s cre√≠ hacer,es
1250643197598093318,juampyandgraff,"Mendoza, Argentina",@gomezzz_nicool Creo que la cuarentena te afect√≥ como a todos no?,es
1250643197975392256,TrendingAtoZ,"Hyderabad, India",Trump Says US Likely 'Passed the Peak' of Covid-19 Cases as His 'Aggressive Strategy is Working' - https://t.co/VBrNEkCNaY,en
1250643197098950656,rebemelio,Jun√≠n - Rosario,@charlie_dwg Juana malcriada modo cuarentena https://t.co/2Asb2dDA4J,es
1250643198390738944,vaewest,"√úT: 18.023668,-76.791303",Well naturally with who you have interacted and anyone else need to know,en
1250643198604689408,Factsaresafe,,"@Peacedividend1 @willchamberlain Here‚Äôs the latest model - through the end of the year.

https://t.co/2yCYNXuAdw

$‚Ä¶ https://t.co/G3OJEPdSXk",en
1250643199074480129,agusaliott,Ramos Mej√≠a,lo √∫nico medio bueno de la cuarentena es que se est√° destapando a m√°s de un hdp que andaba disfrazado de buena persona.,es
1250643198894125057,CHRISTO37877949,New Jersey,@reedgalen @gtconway3d @ProjectLincoln @JoeBiden @washingtonpost Right now I would vote for the coronavirus if it w‚Ä¶ https://t.co/JnOpnRMLZC,en
1250643199376396288,felifelmarie,TX,Quarantine got me texting back this dude I ghosted 3 months ago,en
1250643201217540096,amarpals,India,Only a #Covid-19 vaccine will allow return to normalcy: UN chief https://t.co/3RNfk2otsD via @indiatoday,en
1250643201473622017,AlexanderMalaga,,"Los siete errores que causaron ‚Äúuna situaci√≥n desastrosa"" en Lombard√≠a, la regi√≥n de Italia asolada por el coronavi‚Ä¶ https://t.co/Gsfp3SL52K",es
1250643201528082433,Jeitsuki,they/them,@OnuaUlt the same shit I was doing in quarantine,en
1250643201649565696,Deiv101,"New York, Michigan, Mafeteng","""Trump‚Äôs WHO funding threat echoes action that got him impeached, Democrats say"" https://t.co/rvhfrGiat1",en
1250643202320683009,hunnydearest,"Santa Cruz, CA",my entire college experience so far has just been working and doing schoolwork and finally realizing that while in‚Ä¶ https://t.co/WUX24HrYns,en
1250643202308177928,cinabicd,Lejos de aqu√≠ cerca de all√°,"@Profeco  derivado de la contingencia covid-19 me ofrecieron cambiar un vuelo con @flyvolaris, sin embargo al ingre‚Ä¶ https://t.co/bGtYZjmED3",es
1250643202526244869,OverTheHill4,Queensland Australia,How many Americans boarded in Sydney for the NZ trip it was when it came back the virus had spread...just asking,en
1250643202723532801,surelynotanna,earth 78666,i have a lot more of my tattoos planned out but no money &amp; quarantine are really making it hard for me to finish my sleeve,en
1250643202731839490,Ichigo_kisu,Guatemala,"Cuando termine la cuarentena voy a:

1. Ya üòÇ
2. Si ü§≠
3. Obvio üòã
4. Nop
5. Siiiiü§©
6. No ü§®
7. No üòã
8. Si ü•∞
9. No ü§Ø
10‚Ä¶ https://t.co/M84kCjcJme",es
1250643202761080833,PetsLovePeople,NSW Australia ,'More evidence' shows COVID-19 outbreak was due to 'an accident' in a Wuhan lab | Sky News Australia https://t.co/NRsTinUUtS,en
1250643203054866433,Dariel37136240,,Cuando se acabe est√° pandemia del covid-19 voy a beber hasta mas no poder. Quien se apunta?,es
1250643203146969089,elenaacordero,,No veo el dia de la cuarentena en que el @babocartel  anuncie fecha de su concierto en vivo üò≠üò≠üò≠,es
1250643203134386179,ibangel,,"üôè
Dennis Quaid: Coronavirus Will Cause a 'Spiritual Reawakening' in America https://t.co/S4RWs9tyV9",en
1250643205567152130,RavenRaven006,Chicago IL,When quarantine ends i need to link up with a female immediately üòÇ‚ùóÔ∏è,en
1250643205420224512,StrongandA,"Alberta, Canada",Oh more PR... will these be included in Facebook targeted ads for Quebec and Ontario as well #abpoli,en
1250643205672054785,BarbaJuca,,"‚ö†Ô∏èSe descubri√≥ una planta que evita el contagio de CoVID19 ‚ö†Ô∏è

Planta tus nalgas en una silla o sofa de tu casa y n‚Ä¶ https://t.co/ritHIkcsx0",es
1250643205072261125,drjudi5,,"Save 30% with promo code 30SHGI2H | https://t.co/j1kjzhHTuc https://t.co/VoKfRWIDjm 
LP&amp;No.1 Suitcase Bluetooth Tur‚Ä¶ https://t.co/elsPBne1ji",en
1250643205680291840,photo_journ,Thailand,"‚Äú ‚Ä¶ and a vaccine is likely years away from completion, said Dr Boon‚Äù.
#COVID19Asean
#COVID19Th
#COVID19 
#StayHome‚Ä¶ https://t.co/NZC4Kyd9AF",en
1250643206196338688,sadbianaa,,Estoy tan cansada de esta cuarentena que ya odio usar mi tlf no quiero saber nada de nadie,es
1250643206276079616,surrealboy,"Le√≥n, Guanajuato","üôÅ ""His son, Josh Konitz, confirmed to NPR that the cause was pneumonia related to COVID-19.""

https://t.co/1NM4g2urbZ",en
1250643206322126848,Eridyas,Colombia,@CamiloRomero #DerogarLey100Ya #DerogarLey50Ya #NoMasLey100Genocida #SalarioUniversalParaTodaLaCiudadan√≠aCol $1.00.‚Ä¶ https://t.co/JzJoX479Mp,es
1250643206603182086,96nomy,CDMX,Yo quer√≠a festejar algo en mi cumple pero bueno el Covid - 19  lo arruin√≥ JAJJA pero cuando acabe todo esto me ir√©‚Ä¶ https://t.co/NzwGhE1Kyg,es
1250643207303639040,CSNewsApp,florida,Prince Harry enjoying quarantine by ‚Äòrolling around in hysterics‚Äô with Archie https://t.co/esBgqm5WEQ https://t.co/iwR4n612AX,en
1250643209916686336,SKisContent,Delhi,You gotta love it,en
1250643210671722496,ErnestJ62989774,,Pelosi: Trump coronavirus missteps 'caused unnecessary death and economic disaster' https://t.co/6sJjTnnoKo via @YahooNews,en
1250643211145469952,83ActionJackson,"Ontario, CA",@Acyn Fuck this shit #Generalstrike when they actually try to fuckin make us come out of quarantine.  Our healthcar‚Ä¶ https://t.co/r1FPBlv84n,en
1250643211233583104,IndiaResearchC1,"New Delhi, India","When ‚ÄúPush came to Shove‚Äù,Every Country turned to their Defence Forces to Guard,Assist,Control against Coronavirus.‚Ä¶ https://t.co/gscAjxwQbg",en
1250643211531350017,ashmita_m,Mumbai,"China sending 6.3 lakh testing kits to india.

Is that supposed to abe a good thing or bad thing? I don‚Äôt think we‚Ä¶ https://t.co/Z6ZR7h4JGT",en
1250643211179171841,FlameTvKenya,"Upperhill, Nairobi City ",Joyce Wanjiku Ngugi sworn-in as Kiambu Deputy Governor in a brief ceremony at the County headquarters amid Covid-19‚Ä¶ https://t.co/MbkZ4Lt6Nw,en
1250643211728703488,omsaraf,New Delhi,"How COVID-19 is changing the world. After 2020, it will be a country's ability to produce or save its population fr‚Ä¶ https://t.co/syuFMisPc0",en
1250643211816587265,waynekramer,Los Angeles,This is some straight-up racism. Ignorant.,en
1250643211829248002,Champonyi,ha¬∑ci¬∑en¬∑da ,Hey @StateHouseKenya  @MOH_Kenya try this then tell us we'll be arrested if we do not put on masks. Its that simple.,en
1250643211896475650,Tripletap007,"Rotterdam, The Netherlands",Hearings.  Fucking immediately,en
1250643211883814913,crisjuanabel,"Bilbao, Espa√±a",@ignacioaguado Muchos espa√±oles esperamos su condena p√∫blica de la Gesti√≥n de la Sra Ayuso en la #pandemia del‚Ä¶ https://t.co/sWnmWm9tdr,es
1250643214085881857,caroba94,,Lo rompo todo.,es
1250643214270369792,Tanjailmaltija,,"After Anonymous Tip, 17 Bodies Found at Nursing Home Hit by Virus https://t.co/NTd7muLVPF",en
1250643214538809345,BrandonMusicKy,"Grayson, KY",@SavannahLMaddox @LEX18News @ValenteLEX18 I sincerely hope and pray that you don‚Äôt get or spread the coronavirus du‚Ä¶ https://t.co/MVH5HfYGzb,en
1250643214735937537,Valecal5,Gualeguay,"@Delfigonzz1 @maticalatronic @cataardz Te hace hasta extra√±arme la cuarentena, mieeerda che",es
1250643214849064963,HealthNews_b,Internet,"Official Alleges The U.S. Has Deported Many COVID-19-Positive Migrants To Gua...
https://t.co/ri6zSFwqxu
+1 VigorBot #Health",en
1250643215277006851,ricardovlago,,"Wittgenstein tiene en el Tractatus una frase que viene al pelo para propuestas disparatadas: ""Whereof one cannot sp‚Ä¶ https://t.co/iAlNyNdKUl",es
1250643215209975808,NoThatIsNotAll,‚ú∂‚ú∂‚ú∂‚ú∂,"the ""conservative media"" who lied us into war with iraq is coming at the right from the racism angle, while ""libera‚Ä¶ https://t.co/aOOJMO53es",en
1250643215599800321,keltickaty,Washington State,"@realTuckFrumper No. You misinterpreted.
You are going to die because you are all too stupid to quarantine.",en
1250643217923674113,MAXGLADSV,,"#√öltimaHora Seg√∫n el sitio de consultas habilitado por el Gobierno, se reportan 3 personas m√°s recuperadas de coron‚Ä¶ https://t.co/fQyrgbbypM",es
1250643218569424896,HillsboroLib,"Hillsboro, Oregon",Nice story highlighting the great work @CedarMillLib is doing to bring virtual storytimes to their patrons at home.‚Ä¶ https://t.co/ebqq4zWiqv,en
1250643219093819393,marydal23,"New York, NY",really wish I had started beekeeping before quarantine,en
1250643219576209409,Beel_Lenny,,La cuarentena nos tiene convertidos a todos en viejos chotos si ono?,es
1250643219563663361,EP_Mundo,En todas partes,"‚óè ¬øEn serio? Shakira lo pidi√≥ en cuarentena, en Italia la obedecen ¬°Incre√≠ble! https://t.co/1JWarwTYH2 https://t.co/RUeS9x1ZTH",es
1250643219936927744,donaldmfreeman1,,How Thousands in China Gently Mourn a Coronavirus Whistle-Blower - The New York Times https://t.co/mGccksW97r,en
1250643219953733637,Weimar61369949,United Kingdom,@Dai_James1942 ‚ÄòAcquired Corona virus‚Äô? That goes straight to the top of my ‚ÄòWoke Statements of the Week‚Äô list. ‚ÄúLo‚Ä¶ https://t.co/oHSnlqas7o,en
1250643222402969602,marygnip,,Lots of #PresidentTrump supporters there üëç,en
1250643222444994561,mrganso5,,@isopixel @SoyDavidShow Mi consejo es que se encierre en su casa hasta que termine la cuarentena y para esa fecha y‚Ä¶ https://t.co/uEnzVukBNY,es
1250643222537396224,Hammercu,,@MinSaludCol @IvanDuque Exigimos una reforma laboral a la salud ahora y de manera permanente no solo por est√° pande‚Ä¶ https://t.co/7F3xjQVXvd,es
1250643222713556992,dime_lulu,Groenlandia,Pens√© que era yo nada m√°s que sent√≠a los d√≠as como r√°pidos!!!,es
1250643222176641025,ForkedSparky,,And EVERY death in the U.S. is being categorized as #coronavirus?,en
1250643222432559105,katamedo,"Medell√≠n, Colombia","En esta cuarentena, si bien no podemos salir, a muchos se les olvida que deben cuidar sus carros porque permanecen‚Ä¶ https://t.co/fCwkLVIEHA",es
1250643222885478400,kikegetta,"Caracas, Venezuela",Same,en
1250643222965006337,Ranjit63204641,"‡§ï‡•ã‡§≤‡§ï‡§æ‡§§‡§æ, ‡§≠‡§æ‡§∞‡§§","@aajtak 
Sir please help to get my money from Air lines instead of crediting into credit shell account. I had purch‚Ä¶ https://t.co/BpLRCUlZRL",en
1250643223430623232,29BurghLove87,"Seattle, WA","Nurse friends, can you transfer or carry the virus with clothing/shoes? #COVID19",en
1250643223506120710,MarieCo92176893,Canberra,"Coronavirus closed a Broken Hill newspaper, but the community fought to save it https://t.co/qRK2ult9U3",en
1250643223711809537,danidrama2,,"ok ayer tuve une mental breakdown por una mamadooooooota. 
La cuarentena me est√° comiendo vivo, necesito terapia YA.",es
1250643223724384257,renscorona,"Monterrey, Nuevo Le√≥n",Covid-19 Fase 3 en M√©xico... la cuarentena se pone peor!,es
1250643224181514240,MariaCGomezC,"Bogot√°, D.C., Colombia",@adolforivasdiaz la pobreza en Colombia se hizo evidente con el covid 19.,es
1250643225523769344,TheStar_news,"Johannesburg, South Africa",In #TheStarNews today: #CoronavirusInSA forces company shutdown; #Covid19 survivor thanks God; Lalla Hirayama facin‚Ä¶ https://t.co/hhlt3BRIOr,en
1250643226643648512,eliyabsides,,okay Spotify friends should be able to share queues during quarantine,en
1250643226727415809,Coronavirus_IDL,Poder Judicial del Callao,"@LATAM_PER quiebren CSM se aprovecharon de la gente en.plena pandemia, se aprovechan de los #LowCost
Jodanse!",es
1250643226807042050,alexthegreat53,,"I remember seeing a lot of tweets of people wanting to be off of school because of COVID-19, where are those people now? lmao",en
1250643226350010369,lauraleandraber,Arauca & Manizales,Que la #cuarentena no nos impida ser una Spice Girl. https://t.co/OognH53H14,es
1250643226865750016,imleftcoast,Cascadia,Analysis: Trump halts funding to WHO. Experts say we need it now more than ever. #trumpvirus https://t.co/eyT2AaXUPK via @usatoday,en
1250643227029446656,PentaPilot,Taking a sleigh ride wherever.,@KOlusola Bruh I am determined to come out of this quarantine fitter than I was going in. üí™üèæ,en
1250643227465654272,DanielaPizarroA,Capitale du Chili,"A cuidarse much√≠simo... a no aflojar para que no nos caiga, la apuesta siempre fue siniestra.",es
1250643226920390656,BradleyPenman,"Calgary, Alberta","People lost their shit over this because the other guy lied about being him/her, and that I shit all over this poor‚Ä¶ https://t.co/ICfKQVO79Z",en
1250643227843137536,nay_roses,Ombligo de la Luna,"Cuando termine la cuarentena voy a:

1. pa' qu√©?
2. ojal√° 
3. no 
4. √ëo
5. tal vez pasando el a√±o
6. toda la vida
7‚Ä¶ https://t.co/l898RivNw6",es
1250643228166172672,_abbbyz,stop checking for me,Flyyyyying,en
1250643228212244480,mycatwolfgang,,"True/False: Any American citizen who wants a test for COVID can get one? When? Where? btw, 19 does not mean this is‚Ä¶ https://t.co/ISIT9UOAx3",en
1250643228275216384,wankhill,,Joji dropping those fresh quarantine bangers. Joji - https://t.co/msrAlAoVox,en
1250643230598639616,MakeAmericaRela,"San Diego, CA",She's a bobblehead version of herself. And today she proved the bobblehead may have more brainpower.,en
1250643230665740288,ItsMissMari,West coast is the best coast. ,@Graham949 @JV Sources believe COVID-19 originated in Wuhan lab as part of China's efforts to compete with US https://t.co/4LsHypc5Ls,en
1250643230951010304,yojudenz,New Zealand  paper.li/JUDENZ ,BOMBSHELL: Taxpayer-funded NIH funneled $3.7 million to Wuhan virus research lab believed to have engineered the co‚Ä¶ https://t.co/BexnX9CrhM,en
1250643231374807041,AskitoPambisito,,@MoeyMolin Prefiero tener coronavirus a ser pambisidoso,es
1250643231358029825,NikiFontaine,USA üá∫üá∏,"DO NOT FORGET WHAT CHINA LOOKED LIKE B4 THE VIRUS 
#coronavirus #COVID19 #Qanon",en
1250643231899111424,ayleenseyde02,"Taf√≠ Viejo, Argentina",Dale alberto levantame la cuarentena que se acerca mi cumple,es
1250643231915851776,jazuk10,UK,Warning as coronavirus outbreak leads to sharp rise in deaths at home https://t.co/Cyo9hwqTqs,en
1250643232200863744,brandon63945138,,Esta cuarentena hizo m√°s pendejos a todos o que?,es
1250643232507060224,riclandero,M√©xico,"Un Comit√© del Senado de EE.UU. investigar√° el origen del covid-19, su relaci√≥n con China y la respuesta de la OMS a‚Ä¶ https://t.co/RU25JeJWrU",es
1250643232624488448,yayamalcom,"Mexicali, Baja California","@YairAnibal La cuarentena, yo creo eso pasa un poco m√°s de lo que pensamos",es
1250643232846835713,and_tact,,@RealCandaceO Once again your statistics are null and void! If it wasn‚Äôt for the citizens of this great  nation to‚Ä¶ https://t.co/fslEZsP6hQ,en
1250643234986041350,chepenmicorazon," Bs As, vicente lopez, Munro",@MEMEOPERU ah√≠ tambi√©n dicen lo mismo,es
1250643235430707200,BassGermand,,"@Cosmilandia Alrededor de cuarenta minutos, por aquello de la cuarentena.",es
1250643235560538112,AndAmericaForA1,,"US explores possibility that coronavirus started in Chinese lab, not a market https://t.co/vo5EyyU6DA",en
1250643235371798529,PratitiTheGypsy,,@raggedtag UP is blessed to have a hands-on CM like him! His administration skills are commendable. Pilibhit is COV‚Ä¶ https://t.co/LGIn5j8g6z,en
1250643235724124160,exidpected,hyelin's scalp,@kweeninn quarantine make me watch it again...,en
1250643235904487424,SingaporeAir,,"@iamalexhall Hi Alex, we will continue to review our travel waiver policy, and retain the flexibility to extend the‚Ä¶ https://t.co/mDWMeOnxFV",en
1250643235908673536,shahanaazhabib,Malaysia,Schools urged to reopen as Australia mulls easing of coronavirus restrictions https://t.co/Ai9K2K2vsZ,en
1250643236085026816,Neggynegg,,@MattNegrin @mehdirhasan We will learn in a few weeks that several of them will have passed away from Covid-19.,en
1250643236164689921,MarineauMary,"Boston,Mass","If doctors in the US on visas die while fighting the coronavirus, their families could be forced to l... #Topbuzz https://t.co/H0cfWYUzR3",en
1250643236391182337,AngelAle92,Saltillo,@ChumelTorres Chumiamoroso cual es el video del pulso donde hablas de las faces del covid-19?,es
1250643236542124032,juulietav2,"La Rioja, Argentina",Encontr√© trabajo en plena cuarentena pero trabajo diez horas al d√≠a con todos changos en una panader√≠a. Necesito mu‚Ä¶ https://t.co/hNnFOZvY2b,es
1250643236542017536,MelaynaLokosky,Scottsdale (born Pittsburgh),@Danstringer74 I've tried to watch it a few times in the past &amp; just can't get into it. Check back on day 700 of quarantine though.,en
1250643236520988672,JulieHouseOfWow,,@CountyofLA @SCVSHERIFF I don't want to reduce my oxygen either! Cloth masks are not legal medical devices! My lung‚Ä¶ https://t.co/vGBhgKnEpF,en
1250643238958116865,PaNderryMbai,,Gambia: Banjul COVID-19 Team Takes Issue With Oumie Batchilly After Been Accused Of Spreading Corona!‚Ä¶ https://t.co/ei5KKL2Zzs,en
1250643239209537536,eboyssuck,,@ltyngie thinkin of new ways to set the mood when this quarantine over,en
1250643239389982723,Rufusthedog66,,The guidelines will be the governors guidelines and he will take credit for it.,en
1250643239461195776,TheRealMaradkel,,@realDonaldTrump Mr. President and @VP although I don‚Äôt know him personally @DavidNeeleman founder of JetBlue has b‚Ä¶ https://t.co/tOati0Ud7i,en
1250643239645745153,edge_n_edge,Canada,Finding out through need report what my job may require in Fall.,en
1250643239587082246,SwapnilCM,Mumbai,"@ManishKJha1908 Thank you sir..!!
The holistic perspective of the issue..!!",en
1250643239780192257,FleischmanSteve,"Chicago, IL","@RealChasMartell @11thHour @MSNBC Nearly 30,000 Americans have died in one month of COVID19. What the fuck don‚Äôt yo‚Ä¶ https://t.co/CxNVS6AIAz",en
1250643240107167744,AnaSofa20568677,Ciudad De M√©xico,"Por covid-19, la CDMX ‚Äúinvita‚Äù a personal de la salud a donar parte de su salario - Proceso portal de noticias‚Ä¶ https://t.co/LR4idqMNj7",es
1250643240484843523,daddyslittlenug,Canada,"Smoke weed, play video games, fuck, eat, sleep... repeat. Quarantine is alright.",en
1250643240681762816,che2on,Bengaluru,QR code used in a right way! https://t.co/kX6CSOj2MA,en
1250643240685953030,YasirWani101,Kashmir ,Official sources said the alarm was raised by top health officials in Srinagar besides officials in-charge of the C‚Ä¶ https://t.co/oOk4nHFrtO,en
1250643240707133440,anis_farooqui,"Ontario, Canada",US intelligence and national security officials say the United States government is looking into the possibility th‚Ä¶ https://t.co/nABTI2HqN9,en
1250643240900005890,DrMacPrincipal,"Jackson, TN",Open Opinaris Think Blog: Will You Think With Me? : Covid-19: Teachers Liberated! https://t.co/Dj4GGf0fPT #covid #edchat #education,en
1250643240933642240,ab4pr,Greater New York City Area,The case for ending the Covid-19 pandemic with mass testing https://t.co/ChpMlq6VkP,en
1250643243525566465,Ainul_Wafa,"Jakarta, Indonesia",Expecting covid-19 outbreak would've gone away and totally vanished.,en
1250643243605385221,geordielord1,,theres Money/Bribes in them there Business's just ask Starmer's role model the $100 million Dollar Man Blair aka th‚Ä¶ https://t.co/SX6yOQcFzT,en
1250643243877797890,racso77772,,"How the Government Pulls Coronavirus Relief Money Out of Thin Air. This was well planned. 1,232 C.E.O quit their bi‚Ä¶ https://t.co/9c4CRem250",en
1250643243559079936,prefpub1,"Brisbane, Queensland, Australia","Coronavirus update: Just heard an old saying I haven't heard for awhile, but it's worth throwing into the mix. Are‚Ä¶ https://t.co/qFRFs1FxrR",en
1250643243873832960,insert_funny,"Napoleon, OH",@SarahBurris Seeing this makes me think we as a species deserve the coronavirus.,en
1250643242896330752,prabavg92,"Avadi, Sriperumbudur",Always #Thalapathy @actorvijay dharishanam daily #morning #Quarantine its full and full #Master movie than I turn a‚Ä¶ https://t.co/xcmaiXIFOy,en
1250643244444274691,ElmerVi72530405,,"@malcolm_sv No puede ser.
Si se lo encargamos al Covid-19",es
1250643244750340096,inilsa,venezuela,"Tan Lindo Vicente,Dios lo cuide,a los ni√±os hay que oirlos y explicarles,mi Lucianito dice no podemos salir por el‚Ä¶ https://t.co/nIYczDy0mE",es
1250643244871974912,Dean_Ridley_PT,"South East, England","Here goes...DISCLAIMER, before listening to my story, please know that I am in no way trying to romanticise, sentim‚Ä¶ https://t.co/x0BnYyfA4M",en
1250643245429858304,chiluwambewe,"Ndola, Zambia",@luchi7 What I know is that if anyone arrives in the country they are on a 14 days quarantine,en
1250643245333438464,tsallendj,,Get smart people.  This is not a Quarantine.  This is house arrest.  Your constitutional right to public assembly i‚Ä¶ https://t.co/sjsDIKT2sg,en
1250643245698293761,CarlosSP_X,,"Cuando termine la cuarentena voy a:

1. Ya tengo jaja
2. No suena mal
3. Yaaassss 
4. Definitivamente
5. Ojal√°
6. E‚Ä¶ https://t.co/RzTm8k9zfA",es
1250643246105219073,Moerdz,,"Ya no habr√° para hacer batas para doctores/ hospitales ni cubrebocasü§î el textil y el papel es esencial , como porqu‚Ä¶ https://t.co/UabomTLY3B",es
1250643246193283077,aldelyzpco,"La Vega, Dominican Republic",Agendaremos post cuarentena entonces üòÇü•∞,es
1250643247422210050,DaraGutirrez1,"Santa Fe, Argentina",Estar en cuarentena me tiene mal y ahora enferma peor todav√≠a ü§¶,es
1250643247505924096,_fswang,@ untŒπtled.,"@fqhanabi Lo que dure la cuarentena me tendr√°s. DOS A√ëOS VISTE, AH.",es
1250643247698862080,raviblinds,"Victoria, Australia",We are open but with limited operations due to COVID 19 crisis. Stay Safe. #COVID19,en
1250643247724064770,uwutaycos,"Fairfield, CA","I just wanna take a week off with my bf as soon as quarantine is over, I miss going out with him üò≠",en
1250643248110096384,ahol888,"Joliet, IL",Coronavirus Aurora: Youth Pastor survives COVID-19 after being put on ventilator https://t.co/tmS5IgIhjZ via @abc7chicago #IL,en
1250643248114282496,Roberta43242299,,What happened to it being gone grrr,en
1250643248240091136,longlivewentz,,Some of his best throws have been to Alshon just saying üëÄ,en
1250643249112506368,PaletreeArcana,,"üñ§üòÇüñ§
Covid-19
#justlikeawoman
#lovemeorhatemeimyours
#Covid19JewelryArtistlife

Working my commission orders like a‚Ä¶ https://t.co/oDELnuchE3",en
1250643249284481025,LJG47,"Ontario, Canada",@thehill I cannot believe that the American people would reelect Trump; a narcissistic moron who lies every time he‚Ä¶ https://t.co/5le218CsZ4,en
1250643249322168321,rafaga_deluz,,"Eyyyyyy a quien corresponda en GUAYAQUIL..

Estudio de la Facultad de Medicina de la PUCE_Ecuador concluye que los‚Ä¶ https://t.co/OsSjk46BJe",es
1250643251650088962,cater2me2, USA,@tedcruz Where is your wife and kids. Be the first. Go about your business. Ignore COVID19.  You FOS!,en
1250643250534375424,DocRock1007,gab.com/DocRock1007,456. Article II Section III gives President Trump the authority to call a special session of Congress. The DOJ appa‚Ä¶ https://t.co/y30Fe9DoMb,en
1250643251914211329,solradiante07,G.C.F in Tokyo_üá¶üá∑üáÆüáπüáØüáµ,Lo detienen por esto y por las millones de cosas m√°s que hizo en fin ojal√° lo metan en cana para siempre,es
1250643251368996864,Woke2APoint,,üòÇThe Fresh Prince of Covid 19ü§£ https://t.co/tzjkRwGhhU,en
1250643252228866053,schmessica_,"Athens, GA",I feel like I should get a medal for giving myself a Brazilian during quarantine.,en
1250643251884777474,vinay9466,,"Shut up and follow the 
#Lockdown2 #StayHome 
@ikamalhaasan https://t.co/bG71RTcwPu",en
1250643252505649152,teanage_dirtbag,mke,listen up y‚Äôall this quarantine has turned me into full on anime trash so that‚Äôs who i am now!!!!!!,en
1250643252392255488,OliviaLight3,,"#COVID19  Everyone gets tested, assigned a Health GPS ID for this war! All infected should be isolated until COVID1‚Ä¶ https://t.co/EwvhuZHdNA",en
1250643252648112128,Frank79838709,,Here‚Äôs #SomeGoodNews !,en
1250643252824457216,Claudia_Ivettee,Qro-Gto,Ah que noma,es
1250643253021437952,Luv2GoFly,"Las Vegas, NV",There is a huge difference between someone dying with coronavirus and someone dying of coronavirus.,en
1250643253172400129,JohnPeniel55510,"Reno, NV","@AppleSupport @LatreseSimpson üê≤üê≤üê≤üê≤üê≤‚ùìüñêüèøüëΩüõ∞Ô∏èüçé‚Ñ¢Ô∏èüëΩ
https://t.co/jlYAdG1tbu
Alliance of Life. üê≤
üê≤",en
1250643253445025792,jasonhalihi,Indonesia,yep it is,en
1250643253596090368,OCpatriot123,California,"BrEaKinG - DriNkiNg aLcOhOL cAn mAke C-19 wOrSe, saYs WHO.",en
1250643255957454848,Gabyrc98,Puebla ‚Ä†,Wey ya no quiero cuarentena... mis sobrinos se comen todas las cosas ricas del refrigerador üò©üò©üò©,es
1250643256188141568,pattibacchus,Vancouver,Strange days. #COVID19 #vanpoli,en
1250643256695758848,RayRayPick96,Ohio,My friends and I text each other that we miss each other AT LEAST once a day and I can‚Äôt wait for quarantine to end so I can see them,en
1250643254950924292,paolavel14,bogota,@JulianRoman disfrute en esta cuarentena nuevamente esta entrevista https://t.co/1tnRU904Ts,es
1250643256276160512,Thilini_LK,,"Why üá±üá∞ is Ranked 10th on the GRID index ??????ü§îü§îü§îü§î
#COVID19 #StayHomeStaySafe
#SriLanka

GRID Index: Tracking the G‚Ä¶ https://t.co/9ebQHgviiG",en
1250643256666255361,hinaIaya,non dating,"Another episode of the quarantine day‚Äì!
I just woke up and this time i try to drawing my face, i know this is very‚Ä¶ https://t.co/5KHMvRi3a7",en
1250643257186562048,Emmanue68198987,"Cartago, Costa Rica","Cuando termine la cuarentena voy a:

1. Puede ser 
2. Si 
3. Ish lo veo dif√≠cil 
4. No creo 
5. Si
6. Lo m√°s seguro‚Ä¶ https://t.co/wdaJAmp58z",es
1250643257593397250,JazTaja,"San Crist√≥bal de las Casas, Ch",Qu√© estupidez!!! üò§üò§,es
1250643257920499712,El_Rafa_PY,Asunci√≥n,@amifera Yo le veo mucho peor a idolatrar a un Ministro que en 2 a√±os de gesti√≥n lo √∫nico que hizo fue mandarnos a‚Ä¶ https://t.co/8fME4DmxOs,es
1250643260038459392,NikkiBirnks,"Denver, CO","Almost 5,000 deaths in a day and the GOP wants to reopen the country without testing, additional support for our fr‚Ä¶ https://t.co/Q72DcZxr6J",en
1250643260365770753,lisa031,Central TX ,Sending prayers that he will recover üôèüèΩüôèüèΩüôèüèΩüôèüèΩüôèüèΩ,en
1250643260562903040,OnieXOX,"New York, NY",oh my god.,en
1250643260705554433,phoyce,"Virginia, USA",The path to UBI is a slippery slope and I heard it starts with a $1200 check...,en
1250643260835459072,momo_luv290,"California, USA",Crying in the car because there is üö´ privacy in the house. My depression and my anxiety is spiking at an all time high because of #COVID19,en
1250643261120827392,ezkalibur,,"Siempre han estado ah√≠, es como los humanos que son unas bacterias in√∫tiles.",es
1250643261292601345,WVaxxed,"PVR,Baja,Murree,Fujarah,VN,cam",that is part of the evil plan also...and sure is working very well...,en
1250643264408936448,glockpapi_,"Seattle, WA","Y‚Äôall cute on Quarantine or nah?

Cause I‚Äôm still ugly",en
1250643264212013058,fercamachonieto,,Las prioridades del gobierno frente a la #pandemia #Covid_19 #COVID19mx #Medicos #AMLOseVA #AMLOfueraYA‚Ä¶ https://t.co/wYuFIcuxQ3,es
1250643264383811584,CoronaVirusNFO,,South Korea election: Ruling party wins amid coronavirus outbreak #coronavirus #coronavirus #election #korea‚Ä¶ https://t.co/sVUaWEQRCF,en
1250643264782438400,sweetaegyu_,Daegu boys‚ô°,"Ya casi 1 mes de cuarentena y army Ecuador solo:
https://t.co/kDVFRNYVss",es
1250643264870453249,marquillo727,Somewhere in the Milky Way,"@Caroamoretti De hecho debe haber atravesado por lo menos 5 pa√≠ses m√°s y al menos dos oc√©anos.
Me refiero al‚Ä¶ https://t.co/TNqrNymqAW",es
1250643264971124736,GuguladiM,South Africa | Pretoria.,Spend it,en
1250643265059241984,Miliroman016,"Claypole , Buenos Aires ",Posta que si,es
1250643265151475712,hechodigital,,RESISTE HASTA M√ÅS DE 60 GRADOS CELSIUS EL NUEVO CORONAVIRUS - Hecho Digital https://t.co/yMsdRRWQct #COVID19mexico‚Ä¶ https://t.co/7QQphY0Ywv,es
1250643265130504194,SickNTwisted9,"TX, USA","this is a side step by the ccp to shift blame
They Knew closed access to other parts of China while still allowing‚Ä¶ https://t.co/dEpa4MEtQd",en
1250643265235214337,Armitech,"Del Aire, Ca.","Despite coronavirus concerns, the L.A. Marathon will go on, officials say https://t.co/L4kKGYo1RD",en
1250643265352851456,Supreme_Token,,Got my #TrumpBux today. So this must be what Socialism &amp; Communism feels like kekekeke #2020Elections #coronavirus https://t.co/A5CLDeEyNX,en
1250643265541595140,66andout,Jersey Shore,9/11 and Saudia Arabia justice for no one rev 2.0,en
1250643265617047552,AbruuEstermann,CARP,"El otro d√≠a est√°bamos comiendo en mi casa donde si no en plena cuarentena y tiro un ""Nono que hermoso es colombia""‚Ä¶ https://t.co/wiMqETG7Ku",es
1250643268406255616,lasillarota,"M√©xico, Distrito Federal","#Ojo M√°s de 100 embarazadas con sospecha de #covid19, sin resultados de prueba a pesar de que se las hicieron hace‚Ä¶ https://t.co/B8R8WIOdTn",es
1250643268322250752,angeliemercadoo,üá∫üá∏||üáµüá≠,"yall have time for this but no time to actually keep people safe, healthy and provided for",en
1250643268607582208,mj_hamid,"Toronto, ON",quarantine mood,en
1250643268695539713,TheDarkKnight08,"The Batcave, Gotham City","I can't pull no hoes. So I'm good, go get ya 30-234 kill/death ratio on, Terry.",en
1250643268913815555,ElPropioBane,Pueblo g√≥tico,"@EliDuqueA Solo veo malas noticias, un gobierno triple hijueputa, un pueblo que no cumple al 100 la cuarentena...",es
1250643269047943169,crazywhisperer,Texas ,"P!nk‚Äôs Candid Conversation About Contracting COVID-19 https://t.co/lrOJfmgSZu 

I LOVE ME SOME @Pink!  #Shero #GirlCrush #TellitLikeItIs",en
1250643269349969923,MarcosVzlaOchoa,,@JessicaMariaVV Estar√°s m√°s blanca que nunca en tu boda con esta cuarentena jajaja,es
1250643269169668097,tressarogerss,"Illinois, USA",*20394939 days into quarantine* https://t.co/OW71QVpTNV,en
1250643269479854080,LBlazebyICRC,Canberra,This is a global problem requiring global solutions - we should all be concerned about the spread of #COVID19 in co‚Ä¶ https://t.co/vqXN8xXThW,en
1250643269765279750,bellanswank,"Crystal Lake, IL","@geoff55318 @judesb @cnnbrk I take everything I read with a grain of salt, including CNN. Just because it exists do‚Ä¶ https://t.co/FS3pmBURjY",en
1250643269668634624,JackieEbule,"Irvine, CA",@yashar @laowhy86 on YouTube explains this in detail. The lab was not too far from the Wet Market. They were studyi‚Ä¶ https://t.co/Ww019QvRVp,en
1250643269530333184,asiatimesonline,Asia,Lebanon's main state hospital is on the front line in combating nation's coronavirus outbreak‚Ä¶ https://t.co/9pphzcmKgd,en
1250643272751595520,oc_nano,,"@DanielaHuertasB Jajajjajajjajjajjaja, calzones de cuarentena",es
1250643273078591488,WilliamsonMark,Silicon Valley,Omfg,en
1250643273280106496,luismanzanedo,"Burgos, Spain",'Antibody Tests for the Coronavirus https://t.co/pqje3UWx5D,en
1250643273489604613,ELTSight,Los Angeles & Munich,"Good night, Dr. Li
How Thousands in China Gently Mourn a Coronavirus Whistle-Blower https://t.co/7jbmQWviZf",en
1250643273779118080,Danielapeteer,"C√≥rdoba, Argentina","Mi vecina me mand√≥ mensajes y como no los v√≠, habl√≥ AL FIJO a las 3 de la tarde para preguntar si el gato que ve√≠a‚Ä¶ https://t.co/tSHLCljYMe",es
1250643273833725953,tvporcable,,"La serie ¬´Diarios de la Cuarentena¬ª, producida para RTVE, ser√° adaptada en Francia y M√©xico https://t.co/3F7d5C5TWt v√≠a @Areajugones",es
1250643273145651200,HamzehSabbagh,"Vancouver, British Columbia","My son tries to sneak into my room while working
#stayhome #COVID19 #WFH https://t.co/rA00cBPUaq",en
1250643274068525057,melibee23,Chicago ,Can‚Äôt believe I haven‚Äôt tripped at least once during this quarantine üòë,en
1250643274186002437,KiaraCt_,Peru,El IG de influencers en cuarentena perdi√≥ su gracia cuando empezaron a tapar los nombres de las cuentas.,es
1250643274353840128,JvVargaz,"Apaseo el Alto, Guanajuato","Lo que mas voy a extra√±ar de mis vacaciones en tiempos de coronavirus seraaaaa, mi pijama",es
1250643274458595328,drpichel,Panama,"Hoy hubo un leve repunte de la curva.  Tuve que bloquear a cuatro. 
Igual que con el COVID-19, hay que aumentar el‚Ä¶ https://t.co/QlMMk5J7y5",es
1250643275020632064,golosogolfo,"Miguel Hidalgo, Distrito Federal","Mira @LOVREGA  lo que hace tu amo  al que tanto defiendes.!!!
Eres un hdtpm @lopezobrador_",es
1250643275242930176,Coopahman,Enjoying Life,"Lately, I haven‚Äôt been able to go to bed before 2am. Quarantine and stay at hole orders have my sleep schedule on a garbage rotation.",en
1250643276752879616,0816Jesus,Colombia,"1. La l√≠nea del gr√°fico seguir√° en aumento con cuarentena o sin cuarentena, ya que esa l√≠nea mide la prevalencia de‚Ä¶ https://t.co/dmyIi42B9t",es
1250643277092515840,LuzanoB,,"Funeral parlor owners, mortuary service workers taught on the proper handling and disposal of CO ... https://t.co/vhpDiURUcH via @Crowdynews",en
1250643277499564033,d1gitalbread,,Ah life in the big city,en
1250643277436485632,SSquare10583562,#Republicansarekillingus ,@realDonaldTrump you are fake news. Maybe do some FU‚Ç¨king FACT CHECKING before you spout off at people who hate you!,en
1250643277688307713,LuliZacariaas,,Perdonen pero yo seria muy feliz cumpliendo a√±os en cuarentena,es
1250643277612711941,309_sentinel,,"Is that a threat? 

Another biological attack?

More fear?",en
1250643277625413633,UpNorthOpinions,Duluth MN,"We ARE in a date ""rationing/triage situation""...and no amount of trump's ass-covering LIES will change that or brin‚Ä¶ https://t.co/gAkRQoHS2H",en
1250643277419737088,PanahonTV,Philippines,#COVID19PH: Marikina Mayor Marcelino Teodoro announced that the Department of Health has approved the operation of‚Ä¶ https://t.co/ayDryHcoTJ,en
1250643278011101185,BusinessViews,"New Delhi, India",Is E-commerce gaining or losing from Coronavirus impact including lockdowns? A fact check. https://t.co/79Goztbnbr‚Ä¶ https://t.co/XBJ6Bmy6Zr,en
1250643278220967936,baoering,,xwge hhoe wiqa xdbf npng qpua nuua nbee edro znsm kopn  COVID CDTV Covid_19 Prior Jorge Babu Manu ForaPrior David M‚Ä¶ https://t.co/he2Sw0BIWA,en
1250643278292287490,patiloooon,,"te amo alberto boee, bien ahi detuvieron al mogolico este",es
1250643278984368129,bolsega,"Austin, TX","@LoveMyTN @moamerasumitro @WhiteHouse @realDonaldTrump Prioritized Coronavirus fight after waiting what, about 4 weeks for it to spread.",en
1250643280955682818,pluckygood,,"‚ÄúThis is a cold water bath,‚Äù says Coontz. ‚ÄúThis removes almost all the advantages of living alone and amplifies all‚Ä¶ https://t.co/Ghzzze9B4T",en
1250643281903415296,ariarmstrong,"Westminster, CO",Not all the Michigan protesters were social distancing! https://t.co/JevESPuS9W,en
1250643281807060992,pqan,Uruguay,"Trump acaba de suspender toda la financiaci√≥n a la OMS -- ¬°en medio de la pandemia del #Covid19! ¬°Ahora, este masiv‚Ä¶ https://t.co/L8mOJcsEWZ",es
1250643282033598465,TheN1James,,@sfed11 @anastybun @shewolf_saryn @FoolePeter @WatchChad Getty hit by a car die from a rib bone that broke &amp; collap‚Ä¶ https://t.co/zSC3zMhGTu,en
1250643282385940480,KamalaClinton,"Upper East Side, Manhattan",This weeks overdramatic op-ed: https://t.co/q4rDQiQLC4,en
1250643282645917696,suspersists,,US coronavirus: Death totals compiled by CDC will now include 'probable' cases - CNN https://t.co/Z1cbeha0tz,en
1250643282893451264,FlorQuinteros02,,"Estoy agotada mal, la gastritis me mata, y encima la cuarentena no se termina mas... cuanto me cobran por pegarme un tirito?",es
1250643282654355458,PharaohSteve,"Tampa, FL",The fact that they weren't trolling.. https://t.co/A8T3MuGgEV,en
1250643285045063681,anamcaraevents,,What the hell sense does that make? Is he hoping to spread the virus to make POTUS look bad.,en
1250643285376405504,quillsdrug,,"|| i think i've been in quarantine too long, i forgot my own name for a hot minute there",en
1250643285254651905,riderbobw,"California, USA",Sorry I am an Essential worker and repair cars..if the weather would warm up I would be on the Motorcycle.,en
1250643285590159360,hinataa85,,This quarantine is killingme and yeaah,en
1250643285737177093,__britt__c,Wonderland,"You know, the whole quarantine thing has really made me see a lot about people in my life.",en
1250643285703565317,Vidal12Ro,,Jajajajaja para muchas ü§£ü§£,es
1250643285644902401,PCentered,,@MSNBC @MSNBC rEp. TiM RyAn oN NeW CoViD-19 sTiMuLuS PrOpOsAl: ‚ÄúwE'Ve gOt bIg hOlEs tO PlUg‚Ä¶ I DoN‚ÄôT ThInK It‚Äôs qUi‚Ä¶ https://t.co/2cpwQDK104,en
1250643286009806848,DancPTY,Panama,"üåçCORONAVIRUSüåè

üåç 2 081 426 casos, 134 546 muertos.
üá∫üá∏ $500 a 150 000 inmigrantes en California.
üá®üá≥ 2 vacunas inicia‚Ä¶ https://t.co/YjAyPVJkxl",es
1250643285992968193,evan_williams_,NYC,@Satyabodhi @Cernovich @ScottAdamsSays It‚Äôs not hard to get. https://t.co/iEX2JFFRvL,en
1250643289377632256,OccuWorld,Earth,"COVID-19 MANIPULATED DEATH CERTIFICATES, Fighting Fake News &amp; Trudeau‚Äôs ‚ÄúIsolation‚Äù  https://t.co/NWW3Xw9ru5",en
1250643289474293761,KristiQ,Tallahassee,The matrix is now ‚Äúolder movie‚Äù üôÉü§£,en
1250643289470111744,BeaTru_Original,"El Paso, TX",@halesandreaa @leslyyquiroz @SusanStJames3 I see your point of view and it's valid. I don't have anything against h‚Ä¶ https://t.co/xfDReOwdQ8,en
1250643289524416514,chargersfann1,,@LarsLarsonShow Come on Lars jesus fucking christ stop being so fucking paranoid and dramatic open bars and restaur‚Ä¶ https://t.co/8zPAkWDYSz,en
1250643289675567104,2100molly,,"Voting has consequences, People",en
1250643289008566272,brainfogz,"Los Angeles, CA","‚ÄúQuarantine ain‚Äôt even that bad‚Äù

Quarantine: https://t.co/X9xmPQLP15",en
1250643289709019136,caughtyoulookn,,"@cmclymer @sonofrona @yashar I feel like this was a poorly worded headline by Fox

Posted March 19th, 6 days before‚Ä¶ https://t.co/Zi0p42aVUO",en
1250643289776074752,divmarine,,Smithfield is owned by Chinese WH Group. Chinese bought Smithfield Foods in 2013 for $4.72 billion. Why is a Chines‚Ä¶ https://t.co/jJBsgDPqXa,en
1250643290329841664,ayokanmioyeyemi,"Lagos, Nigeria",@RAINBOWTALE2 üòÅüòÅüòÅüòÅüòÅ pls #staysafe and #selfisolate to avoid #covid19,en
1250643290442985474,myrigueluvs,"Washington, DC",HOUSE 5!! LETZZZZ GO,en
1250643290593955840,Ranjit63204641,"‡§ï‡•ã‡§≤‡§ï‡§æ‡§§‡§æ, ‡§≠‡§æ‡§∞‡§§","@ZeeNews 
Sir please help to get my money from Air lines instead of crediting into credit shell account. I had purc‚Ä¶ https://t.co/yPQ1bsKOHy",en
1250643290808029186,raulmrqzg,"M√©rida, Yucat√°n","Vato, si es cuarentena y no te contesta es porque le vales madres.",es
1250643290812305408,plutosavior,"Highland Park, NJ",Write a letter and demand #ClemencyWorks for COVID-19. https://t.co/Vdb4Jg4PUW,en
1250643294083624961,amyrabbit_,‚Ä¢ üá≤üáΩ ‚Ä¢,Esta cuarentena ya me esta provocado insomnio y me quedo dormida pasando las 4:00am. Ni modo.,es
1250643294255800322,Yungliability,ùìòùì¨ùì™ùìªùìæùìº ùìïùì™ùìµùìµùìº‚ô°,"@louisvsunjin bueno si me tatue igual pero no eso üò≥üò≥üò≥ gracias barba,,, y ahors q alffinnnn tengo 18 no me puedo tat‚Ä¶ https://t.co/rV0PFBDJso",es
1250643294218051585,MnicaValdez14,Cuba,"Como dijera nuestro Poeta, cantante y autor Silvio Rodriguez, Venga la esperanza, pasa por aqu√≠. #CubaSalvaVidas en‚Ä¶ https://t.co/ySnHGSciPe",es
1250643291692990465,ELMASGODO,Colombia,"""La seguridad sin libertad se llama prisi√≥n"", dice uno de los carteles de protesta frente a la Gobernaci√≥n de Michi‚Ä¶ https://t.co/aG4ZfJY74Z",es
1250643294457073667,Tavid15,"San Salvador, El Salvador","Sigo sin ver d√≥nde est√°n mandando a dejar morir a la gente. 
Es que le pasaron una resoluci√≥n distinta al prezi?",es
1250643294494707712,Hi_IQ_Trump,,@AndOrNorLyn @salvador_soldi @webb0412 @dfreedman7 Here's a perfect example of a positive HCQ result spun as a nega‚Ä¶ https://t.co/h1v5B1ibpB,en
1250643294880763905,minibloggerske,Worldwide,"African Are Against Bill Gates Now, The Same Man Providing Free Immunization of Your Kids. COVID- 19 https://t.co/09GSSpQOAQ",en
1250643294083833857,TRTWorldNow,"Istanbul, Turkey",Here's the latest Covid-19 figures in the US: https://t.co/32sIspNKHa,en
1250643295342133250,Kare_krg,,Yo de abuela üòå,es
1250643295434346496,Willisus_alv,En mi casa,"- El dolar a140mil 
- No hay gasolina
- No hay agua 
- Delcy Rodriguez anuncia 30 dias mas de cuarentena 
- Maduro‚Ä¶ https://t.co/6PTwdT7WHQ",es
1250643295593627648,NIUFM1038,"Auckland, New Zealand",Latest info on alert levels from the Prime Minister's briefing.,en
1250643296021512193,sofimtzs,"Monterrey, Nuevo Le√≥n","De tarea tengo que hacer una narrativa visual sobre la cuarentena, AMO A BRACHO",es
1250643296264871937,HECTORNARANJOL,,@JPEcheverry4 Una PANDEMIA.,es
1250643297317470208,BlueRavenUSA,,#RFB #RITCHIEFROMBOSTON #DRSHERRITENPENNY #SHERRITENPENNY #COVID19 #CRISIS          RITCHIE FROM BOSTON - DR. SHERR‚Ä¶ https://t.co/C6oUY0DHbp,en
1250643297296683009,ADRU165,Argentina BS AS,Pero como los tiene la cuarentena üî•üçºüôà https://t.co/Uhf0DeDcQJ,es
1250643297946800129,YeTibetXi,,"US explores possibility that #coronavirus started in Chinese lab, not a market - CNNPolitics ‚Å¶@UN‚Å© ‚Å¶@WHO‚Å©  https://t.co/gGVsvqbLsZ",en
1250643297980334082,JacquiDeMartin1,,@JMVivancoHRW @nayibbukele Detenidos?? Jajaja una cosa es que est√©n bajo rejas otra en un centro de contenci√≥n!! Cr‚Ä¶ https://t.co/FDG4WF6efk,es
1250643297988562945,merileedkarr,"Portland, OR","Oh, come on.",en
1250643298223558656,lyssammirati,nyc-ct,@julirose001 dude literally this has been my thought process all quarantine!!!!,en
1250643298391392256,dianizconz,el culo del diablo,"nom√°s es para darle adrenalina a la cuarentena, juro que no me clavo",es
1250643298416504833,Xalexandra2,Colombia,@IvanDuque Cuarentena hasta mayo lo m√°s viable... Por favor #primerolavida,es
1250643298529796097,estrella_ellaa,CDMX üíö,"@mpazrodriguez_ Yo digo que nooo, est√°n en la misma ciudad en cuarentena pero no est√°n juntos, yo pienso que ya terminaron",es
1250643298546581504,Gridleysoxfan,"Michigan, USA","Watch ""See residents protest quarantine guidance in Michigan"" on YouTube https://t.co/mw55n1G1Zp",en
1250643298806456321,yoidorefuufu,,"ON COVID-19 Ôºº ï‚â°Œ¶·¥•Œ¶‚â° îÔºè

False or not?",en
1250643298714292224,sanlil4,Argentina ,"""Coronavirus: La OMS inform√≥ que han iniciado ensayos cl√≠nicos de tres vacunas"" #Coronavirus https://t.co/SIU6VWNMPN",es
1250643299083395072,maribelmoramore,,Me la he pasado toda la cuarentena en pijamas y pants y hoy que tuve que salir ya no me queda mi ropa,es
1250643299318333441,diana_duke,I Santiago de Cali U *COLOMBIA,Qu√© miedo üò©üò©üò©üò©,es
1250643299549011969,SofiDemichelis,"Mar del Plata, Argentina",Que tema la ansiedad en cuarentena no? En cualquier momento me morfo la heladera,es
1250643299616067585,AgustnMarquez13,"Gualeguaych√∫, Argentina",Mi vieja no me impide el salir de mi casa pero me quedo por que tengo dos dedos de frente.,es
1250643299544657920,samvillasenor,"California, USA",love California and our governor for setting the bar,en
1250643299574185985,DiarioEspaa1,"Espa√±a,Madrid",Un modelo matem√°tico permitir√° conocer el n√∫mero real de infectados por coronavirus https://t.co/OlkQv74wW3 https://t.co/IEvtXz17Sr,es
1250643299771219971,starladyme,,feel bad for all the toys who can‚Äôt come to life during quarantine,en
1250643302128381953,gisselduartee,"California, USA","quarantine got me becoming a whole ass house wife. I‚Äôve been cooking, cleaning, gardening and sewing. üòú",en
1250643302400946176,WeAlign_Joe,"Pierce County, WA",Do Re Mi - Covid 19 version https://t.co/8F9wuKSQxg via @YouTube,en
1250643302593949696,Patri0tiCupcake,United States Of America,National coronavirus updates: President says new coronavirus guidelines will be announced Thursday https://t.co/yij3LSB7JP,en
1250643302686298112,Guidoquintana10,Mendoza arg,Mis respetos a las parejas que todavia se aguantan en esta cuarentena,es
1250643302866661376,willganss,"New York, New York",@carsoneisenhart ...i was fully prepared to spend the next four hours of quarantine continuing to do this for the rest of her discography,en
1250643302950502400,DennisWardNews,,Headingley inmates sew masks for use in Manitoba jails https://t.co/yNudBUnZbj by @evawasney,en
1250643303181279232,Ekalkounos,Arlington Heights,Greece has become global role model to beat COVID-19? Coronavirus News https://t.co/9x1ugkpgiR via @YouTube,en
1250643303495843840,FirstGLG20,NOVA,"@kylamb8 @zul1732 NY Post had this a while ago
https://t.co/PDAZt1RvyG",en
1250643303772696578,angie_wanthim,,üò© real,en
1250643303797850112,Ruben37292424,"Fort Morgan, CO","Beautiful, Beautiful,Beautiful!!!",en
1250643306360389632,njwaasmadii,utopia ,i dare yall antis to speak,en
1250643306314424320,DanielI70639310,,√âste si que es care raja. As√≠ son estos Golpistas comunistas.Antes de la Pandemia las Pymes ya estaban en quiebra.2‚Ä¶ https://t.co/Y7tMZf2JAm,es
1250643306666696707,catherine_nra,Honduras,Increible que el poli esta mejor acondicionado que cualquiera de los ‚Äúcentros‚Äù que ha preparado el gobierno con tan‚Ä¶ https://t.co/M9nwvdaaMF,es
1250643307132104704,arianenoel,"Portland, OR","I guess my point is, yes, letter of the law is being followed. But we are hearing: Stay Home! Don‚Äôt go hiking! And‚Ä¶ https://t.co/D2mjTSwY1N",en
1250643307341869056,kat_cat1128,Nunya,"Oh for fucks sake, stfu",en
1250643307757211648,diegod700,"Medell√≠n, Colombia","Anne Hathaway es tendencia en este momento por su pelicula pasante de moda, tenia que existir una cuarentena para q‚Ä¶ https://t.co/41UgqbXeXL",es
1250643307660816390,elnestorvargas,Putumayo - Colombia,Retos en pareja para esta cuarentena https://t.co/ixe2X4i8dT https://t.co/FUnHt5r965,es
1250643308474437632,samwow_conley,"Hedgesville, WV",@ChinkyeyezX Just loving you all quarantine ‚ô•Ô∏è‚ô•Ô∏è‚ô•Ô∏èüòçüòç,en
1250643308432375808,tejalyerunkar,"Mumbai, Maharashtra, India",...Every time whenever #OrangeCardHolders have visited Mr Prajapati PDS shop during #Covid19 crisis he has given ‚ÄòN‚Ä¶ https://t.co/xkNtCGlKb4,en
1250643308621246464,Nazir_Ahmed42,,The Coronavirus Crisis: India is Using COVID-19 to Advance its Hindu Settler Colonial Enterprise in Kashmir https://t.co/Ui1ZMe8ohm,en
1250643310294646785,hemantakrnath,"Guwahati, Assam, India","@utpal_parashar Self quarantine ....home quarantine 

Martial law

Self isolation",en
1250643310554693632,LaLoMontuFAAr,"San Andr√©s Cholula, Puebla",No mames pa' que desayunen y escupan su caf√© de la risa que les va a dar. üòÇüòÇüòÇüòÇ Morra I pray for u.,es
1250643310722584579,DiarioEspaa1,"Espa√±a,Madrid","Tras la pandemia, la vida: Praga y Oporto como lugares de destino tras la reclusi√≥n https://t.co/mXN8b71dIg https://t.co/2EhrpnZv6g",es
1250643311032971265,simongrossmann,"Miami, FL",Aja muchos quieren que se acabe la cuarentena pero quien va a poner su casa pa el pary üëÄüëÄüëÄ,es
1250643310856855552,Tidus_em95,Granada,"Ya no saben como conseguir m√°s dinero a base de impuestos, ahora quien poner una Tasa COVID19, ya se sab√≠a que en e‚Ä¶ https://t.co/0zDu02OVB9",es
1250643310844272640,Caprico79578384,En Mi Casa,"Ejemplo de pueblo digno, vibrante, lleno de vigor, de gloria y amor a la patria. Primero #Nicaragua , despu√©s‚Ä¶ https://t.co/kz7P4SQrXq",es
1250643311108521984,grimbo69,dundee,Labs Kill Animals Deemed Not 'Essential' in Response to COVID-19 https://t.co/OKBJJRwdtz,en
1250643311259500545,s7venth1785,,"@NZXT Only applicable for US, for other countries, PC parts are more expensive by 30-50%, and it's even more now si‚Ä¶ https://t.co/5zopqYaIW7",en
1250643311456653315,maxiifc21,"Florencio Varela, Argentina",@NachitoScaramu Y la verdad que me re√≠ m√°s cuando le agarro coronavirus a toda mi familia pero bueno,es
1250643311460790274,hungryeyes77,,"@Conservatives a full lockdown is needed now, coronavirus is getting out of control. Stop being scared of shutting‚Ä¶ https://t.co/srk8QvLjnE",en
1250643311590813697,kianna47746520,,@DaBabyDaBaby Covid 19 stay  safe and stay home,en
1250643312165486593,analiaduarte_,Montevideo ,Esta cuarentena hizo desaparecer del todo la poca paciencia que ten√≠a antes,es
1250643314333933571,TacticalSilence,,"Democrats introduced legislation Tuesday that would provide a $2,000 monthly payment to qualifying Americans until‚Ä¶ https://t.co/sSMJFz3Zw1",en
1250643314501726210,deepakurup,,"1. Rajiv Gandhi assasination. 
2. The demolition of Babri Masjid by rightwing mobs (this of course is an extended m‚Ä¶ https://t.co/e35Vqq4RhL",en
1250643315323744257,JohnPetals,,And you can't tell me too stay away because all my grandparents are DEAD!Way before 2020.And if you say‚Ä¶ https://t.co/0NX5BCHtq8,en
1250643315369734144,Brook_Stiff,,I can not believe she still refuses to see what she is doing to her state. It is so sad.,en
1250643315659362304,AlfredoRivasS1,,@Capital967  un meteoro en ica..!!?? El covid-19 ahora esto....!!??,es
1250643315575320578,justinejornal,Philippines,we can stop this virus by  following all of the ways on how to prevent it.. stay at home.. wash your hands properly‚Ä¶ https://t.co/exW1C2kez4,en
1250643316124737544,jrboulder,"San Diego, CA","Dennis Quaid calls coronavirus 'our World War II moment,' predicts 'spiritual awakening' in America https://t.co/P6oUrTAijp #FoxNews",en
1250643316082794498,tsapats,,"Los gobernadores son unos pendejos como t√∫, ya se desminti√≥ tu Fake news de a diario.

Vete a la verga.",es
1250643316154253312,SamehElatfy,"London, England",We scientists said lock down. But UK politicians refused to listen | Helen Ward https://t.co/ttgEq5gQwc,en
1250643318880399361,Ahmad60756449,"Chennai, India",@NitishKumar It will be better that these peoples direct helpe in Thier areas instead of contribution CM relief fun‚Ä¶ https://t.co/HoM8iMdYzF,en
1250643318976864258,iangalarretta,Ashanti,@OneMapua Covid19,en
1250643319358709760,Urdaneta2499,Costa Rica,"Acabo de tomar leche vencida y soy intolerante a la lactosa, c√≥mo va su cuarentena?",es
1250643319387979776,sindivanzyl,"Johannesburg, South Africa","Today would have been #Day21of21 üò≠

#LockDownSouthAfrica #COVID19 #StayHomeStaySafe #StayHomeSA #StayAtHome https://t.co/4dvu3OfZyb",en
1250643319425830914,naywithluv,pt-br/eng,me on quarantine #GIMMELOVEJOJI @sushitrash https://t.co/YNywceCvq7,en
1250643319509725184,NadiasKnits,"Chicago, IL","He has my #vote! 

#trump #lies #WashYourHands #coronavirus #COVID19 #CoronavirusUSA #PANdemic2020 #america‚Ä¶ https://t.co/urJesxS7Jp",en
1250643319912370177,JesusPerezLoyd2,,Crece el esc√°ndalo: Taiw√°n revel√≥ los correos que le envi√≥ a la OMS en diciembre alertando sobre la epidemia del co‚Ä¶ https://t.co/OUbTn0Nk6Z,es
1250643319962480640,EmraniMd,18370 Burbank Blvd 91356,"What if #COVID19 did not cause financial harm to the system
but merely pointed out the weakness and cracks brewing‚Ä¶ https://t.co/0XwDFW4nXY",en
1250643320176549889,tonyroe,East Midlands and Westminster,Loving the election graphics in South Korea as President Moon swept back to power with 180 of 300 seats. Wonder how‚Ä¶ https://t.co/2Dqt2Lwz02,en
1250643320423870470,MrsC_Assange,My hearts in Belmarsh Prison  ,"JULIAN ASSANGE
*Multi-award journalist
*Revealed US war crimes
*9 yrs arbitrarily detained 
*7 yrs no fresh air/exe‚Ä¶ https://t.co/bVeZPvhQ5X",en
1250643314501660677,_kellyomara,the valley of mo‚Äôara,my weirdest quarantine mood so far is wanting my hair to go back to its normal color,en
1250643320889630721,pochuela56,"Aluche, Madrid","Trump acaba de suspender toda la financiaci√≥n a la OMS -- ¬°en medio de la pandemia del #Covid19! ¬°Ahora, este masiv‚Ä¶ https://t.co/GXmBS0t2go",es
1250643323024371712,carti_sadboi,"Los Angeles, CA",Quarantine aka the dish washing olympics,en
1250643323091587072,MsRozema,rozeka01@southredford.net,Ewwww I‚Äôm supposed to touch people? Errr no gracias.,en
1250643323188060168,limirell,san jose uruguay ,"Trump acaba de suspender toda la financiaci√≥n a la OMS -- ¬°en medio de la pandemia del #Covid19! ¬°Ahora, este masiv‚Ä¶ https://t.co/zVfZiO0rWs",es
1250643323712229377,bcompian,,I hate rich people who had a single idea and got super rich (that part is okay) then act like they know better than‚Ä¶ https://t.co/wuCLlnvCep,en
1250643323670466560,_amitm,"Mumbai, India",A new program from the University of Windsor‚Äôs entrepreneurship hub looks to help businesses adapt and strengthen t‚Ä¶ https://t.co/Dy4Bmfn26q,en
1250643324219691009,Gracie2608,,COVID-19 could be spread on breath of infected people https://t.co/QG9HHwJ3TB via @QUTmedia,en
1250643324148596737,reloader8,,I don't think the Democrats take you seriously SIr that you will do this! I watched you today as you  said this and‚Ä¶ https://t.co/YeEGTtzhOG,en
1250643324341563393,MagicaIfraud,Strictly Fake Life,I really don‚Äôt know why I came back here. I thought being in quarantine I was going to be more social on here but I‚Ä¶ https://t.co/MtorRnKVVz,en
1250643324916109313,isLux_,‚Ü¨ Memes Only ,Si pudieras sacar un personaje de un libro para pasar la cuarentena ¬øQui√©n ser√≠a y por qu√© Mr.Darcy?,es
1250643325134217217,magentyx,"Teotihuac√°n, M√©xico",Ojal√° todos pudieran pasar la cuarentena con las personas que m√°s quieren en el mundo.,es
1250643325209636866,valentinexfry,,peak quarantine activity is going through all your friends on costar and seeing who youd be a great couple with,en
1250643325222359040,Mikey_Claims,Hidden & Trolling Trump Family,"@RepJimBanks 

Are you actually taking the position that ZERO deaths are attributable to @realDonaldTrump‚Äôs delay b‚Ä¶ https://t.co/jQN4aDp1Pm",en
1250643323817275393,SenseLizhumor,"Con tu papi, NYC",We all jokin bout this quarantine shit but how much longer can we really stay inside till we break https://t.co/eucOqlHxvT,en
1250643327051091968,KSNET_,,"La desigualdad educativa del confinamiento pof @mercedesma3. 
@habilidades21 durante el COVID-19‚Ä¶ https://t.co/VfSxja3OJm",es
1250643327537410050,Wolf1Ann,"California, USA","@coevoeco One of my dogs has become my personal trainer. I bought a vertical climber for my quarantine workout, and‚Ä¶ https://t.co/dR99k9gXsz",en
1250643327772356608,VILabIndia,"Kolkata, India",#COVID-19 Remote Workforce: Security Challenges Amid Novel Coronavirushttps://vilabin.com/article/covid-19-remote-w‚Ä¶ https://t.co/TRp7HO36E1,en
1250643327868960768,muneer57937745,,"@samrinahashmi please read it

https://t.co/curLscbymA",en
1250643328388829185,VILabIndia,"Kolkata, India",#COVID-19 Remote Workforce: Security Challenges Amid Novel Coronavirushttps://vilabin.com/article/covid-19-remote-w‚Ä¶ https://t.co/Tpl0oRvACZ,en
1250643328644853760,JotaJavii,"Solar System, Milky Way","Stay home üëáüèª
                       üè°

                              OR

                                       ‚ö∞‚Ä¶ https://t.co/LkayoxTfab",en
1250643328904736768,Enriqque_gil,,"A ver carnal, a m√≠ no me importa si crees o no crees en el Coronavirus... Solo hasta 3 metros a la verga para all√° va?",es
1250643328930119682,trishaabulic,üáµüá≠,wake me up when covid19 ends üò¥,en
1250643329093689344,drew_chainz92,Space,"@Ramchop Well, it's my switch. I figured with quarantine she needed something to do. So I bought AC and from the se‚Ä¶ https://t.co/QBE3qNky4J",en
1250643329412411394,lasillarota,"M√©xico, Distrito Federal",¬øHuachicoleo de insumos? L√≥pez-Gatell pide denunciar si se obstaculiza entrega de insumos en hospitales para atende‚Ä¶ https://t.co/Qar6WqFoRN,es
1250643329470959618,estoenlinea,"M√©xico, D.F.","El 'Pipe' Gallegos conf√≠a que se ganar√° este partido ante la pandemia. 

https://t.co/lbTbpDbj8W",es
1250643329429180417,htTweets,India,"#CoronavirusOutbreak | The device can monitor a patient‚Äôs breathing, movement and sleep patterns using wireless sig‚Ä¶ https://t.co/QMGp6sHQBW",en
1250643329617997825,aymarath,castelli ,"detuvieron a yao cabrera pq rompi√≥ la cuarentena, por fin una bien 2020",es
1250643329274073089,TheStrongForce,,"Also adding the 7-day mean of the daily counts (JHU COVID-19 data), rescaled as days since the 100th case, for NJ c‚Ä¶ https://t.co/SN9qfIGsvs",en
1250643329466974209,komonews,"Seattle, WA",Several hospital systems and county health departments said they are slowly expanding their capabilities to test mo‚Ä¶ https://t.co/K3LZPVqLrf,en
1250643331723358211,_ThirdSector,London,Coronavirus updates: Third Sector live blog - Third Sector https://t.co/NY7wQeijUf,en
1250643331924627456,bhunn2,boarderless man,Thanks to COVID19üòúüôè,en
1250643332130172929,Biotechnology19,"USA, Montana",Bennett University to organise global online conference on combating coronavirus through biotech - Times of India https://t.co/SuN8Osm7aD,en
1250643331425730560,Paiiigee__,"Grambling, LA","EverydayüòÇ jamaya out living her best quarantine in atl, and we just tryna entertain ourselves in Ark.üò≠ https://t.co/LJG9iPLJvD",en
1250643323292975105,tashontuesday,"Charlotte, NC",Shifting our focus to what is most meaningful during these uncertain times. #collectivecare #coronavirus #pandemic #thisispublichealth,en
1250643332130205696,ToddBohannon,Occupied Duwamish Territory,"‚ÄúThe Emergency Money for the People Act, introduced by @RepTimRyan &amp; @RepRoKhanna, would give $2,000 a month to Ame‚Ä¶ https://t.co/cowonWXnm6",en
1250643332881096706,FranMedina_6,"San Rafael, Argentina","Menos mal, que ser detestable",es
1250643333120167942,iamabigdeal69,"Oberlin, OH","Quarantine is truly making me so hot I can‚Äôt even believ‚Äî what No I do not Have Proof, god",en
1250643331912290309,roryrealtor,"Vista, CA",Infographic: IMF Expects Swift Recovery After COVID-19 Contraction https://t.co/SNzVKIcaYz,en
1250643314501660677,_kellyomara,the valley of mo‚Äôara,my weirdest quarantine mood so far is wanting my hair to go back to its normal color,en
1250643335422767105,LegalNews,JDSupra.com,COVID-19 and IT service provider contracts: A checklist for force majeure events https://t.co/Ljd36Ev69x | by @HoganLovells,en
1250643335909425153,yamilantg,Argentina,@rositanlove1 Ojo que si √©l sale de licencia por cuarentena asume la Magario. No s√© cual es peor...,es
1250643335989145601,NotReallyEvert,"Bonerville, Mississauga, ON","all these ""which group would you quarantine in"" miss the only good answer: none.
nobody.
not one person.
stay out of my house.",en
1250643336010096641,evcrow,New Jersey,@effingrandy1 Mine is my daughter‚Äôs new pup sleeping next to her glass of wine during her quarantine,en
1250643335812800512,brave1019,"Bogor, Jawa Barat",Gws little cutie! You are strong! üíô,en
1250643322495881218,cantGECKenough,"Marikina City, Philippines",Hindi ito contest pero it reflects how we mishandled the situation.,en
1250643336521584640,ForeignDevil666,"Taipei City, Taiwan","In lieu of widespread testing, what is the best metric to use in determining the spread of #COVID19 ?",en
1250643336588922881,5HorseSquad1,Belly of the Beast,"I thought this said 100 normies.
ü§£ü§£ü§£
Probably more than 100.",en
1250643336664354816,Darkrai261,,"@JazzoRenee @whooisart @arkansassmoke75 @HelenMaryMe2 lady i don‚Äôt think YOU know what we are talking about, if we‚Ä¶ https://t.co/HfN7LmnW9a",en
1250643336307724288,shekkkhr,"Raipur, India",Lets take a moment and thank all the OTT platforms for making our quarantine lovely. Life has been much better beca‚Ä¶ https://t.co/L9L98JvhZe,en
1250643336706359303,kelsys15,"Stamford, CT",FUCKING ME,en
1250643336727334913,TorresTavo,"Bogot√°, D.C., Colombia","Antes del linchamiento p√∫blico, aclaro que yo no estoy diciendo que la cuarentena no sirve y que todos a las calles‚Ä¶ https://t.co/dbIKnK1XDY",es
1250643336765071360,ArocenaRamiro,,"@Mario_Bergara Todo era comprensible en tu cabeza de ri√±a partidaria antes que el pa√≠s, hasta que dijiste ""Una vez‚Ä¶ https://t.co/79uHlpLOK6",es
1250643336676864000,DanasMuse1,,This is what @realDonaldTrump should be tending to while leaving #COVID19 to the medical experts.,en
1250643339650744320,Laloquiroz_,"Puebla, Mexico",Al mismo tiempo deber√≠an propiciar el confinamiento y reducir la salidas a quienes realmente no lo necesitan.,es
1250643339243712513,ThePolitics1,,FOTO: Arrestan a una joven por esconderse en el maletero de un coche para violar la cuarentena‚Ä¶ https://t.co/hO2oZ4N2DQ,es
1250643340112117761,ChaviraJenifer,"Chihuahua, M√©xico",Primer d√≠a de toda la cuarentena que he decidido dormirme temprano,es
1250643339864690693,ChimpReports,Uganda,"Ndejje University Warns Staff: Use March Salary Sparingly - #COVID19 #UgandaNews
https://t.co/KyVXTAhEHB https://t.co/IvB7gpMD6A",en
1250643340292431873,Goin4Wick,TX Proud,@majesticisher @violetsaucy Rolling down the street smoking endo during quarantine...still lol,en
1250643339843710981,CICPC079,"Caripito, Venezuela","En medio de la pandemia que azota a nuestro pa√≠s, nosotros no descansaremos en esclarecer todos los hechos delictiv‚Ä¶ https://t.co/Qi34P7zdbF",es
1250643340254740481,montez1973mm,"National District, Dominican R",Antrop√≥logo de la UASD dice es necesario unidad de todos los sectores  frente al coronavirus https://t.co/IVGtlCTGgU https://t.co/LNJdFQiz1V,es
1250643340627898368,Catalina1016,"San Diego, CA","@MsAshleeLee @lbevirt @cmclymer @yashar I don't trust Fox News sooo 
https://t.co/etINXyCZ3q",en
1250643340586033153,Flomister003,"College Station, TX","Take Action. Easy and Effective. Click on the link below. 

https://t.co/jRLzfW8pGe: Oppose Gun Control Amendment f‚Ä¶ https://t.co/xQEGmlKeSl",en
1250643340737105921,TheInfamousPB,Pittsburgh,Here it is again on Twitter! So glorious!,en
1250643341449940998,LenMendieta2,,"*  #India autoriza reanudaci√≥n parcial de actividades bajo #confinamiento.

*  #AIE prev√© una ca√≠da hist√≥rica de la‚Ä¶ https://t.co/jOuoDlw3aE",es
1250643341454110722,lokeshkumawat07,jaipur,"Need help..i am lokesh from sikar rajasthan currently working at tinsukiya assam, i am in 14 days home quarantine,‚Ä¶ https://t.co/Mtrvf8WZ3k",en
1250643341634670594,HugoVarela_,Mexico,"Prometo que dejare de hacer los challenge de instagram en cuanto termine la cuarentena, bye. üòò",es
1250643341659824133,mcowiti,"Akala, KE",The Food Expiration Dates You Should Actually Follow https://t.co/O5xD6yg520,en
1250643341873741826,desktrading,Hong Kong,"MARKET LIVE: Sensex, Nifty volatile; broader indices outperform benchmarks - Business Standard
https://t.co/0uwqjpy8wD",en
1250643343954128896,jenningsrall,"North Carolina, USA",Tough. I thought my student loans were bad... ü§£,en
1250643344105123841,jhaelcastro,,This is me,en
1250643344348372993,PatriciaGuggia2,,"Yo ya sab√≠a querer de lejos, mucho antes de la pandemia",es
1250643344226766849,NimchuOk,"Parana,Entre Rios. Argentina","Hoy le√≠ que la categoria de zapaterias e indumentarias queria tener el permiso para trabajar...
Todo bien, todos ne‚Ä¶ https://t.co/klAjs8Joeo",es
1250643343949787137,DFW1615,"Alberta, Canada","@strauss_matt Do they watch/read CNBC? Likely scared JT is going to close them and ration alcohol. 
Pretty sure tha‚Ä¶ https://t.co/Gyu70wLm7K",en
1250643344428019712,AngNavi,,"@tedcruz Says someone with healthcare that is provided by American taxpayers,  who has the luxury to vacation, take‚Ä¶ https://t.co/9hsBtIsqtu",en
1250643344612622336,Sarah4Justice,,Got tested for covid-19 today. Wish me luck. I find out my results in 1-5 days ü•∫,en
1250643345145241605,michiizii,,"Hoy por primera vez me sent√≠ triste de estar en cuarentena.

Mi mejor amigo me mando un video de la casa que compar‚Ä¶ https://t.co/HAJV5RzkLQ",es
1250643345015267328,connorjags,"Now in MA, going home soon",Now the people in this governmental persuasion get a lot of things wrong but that! Is the stupidest thing I‚Äôve hear‚Ä¶ https://t.co/5k7NH1YBqI,en
1250643345271074816,amg9847,"Caracas, Venezuela",#ReinoUnido: Una enfermera embarazada falleci√≥ un hospital de #Londres tras contraer #Coronavirus ayudando a otros‚Ä¶ https://t.co/5I6LQINUQu,es
1250643345543696385,JDMarvin,"Houston, TX, USA",FYI: How Did The Coronavirus Models Get Everything So Wrong? https://t.co/jY0vepFi8z,en
1250643345606656000,don_mellowz,,"But of course, natural selection at play as these morons doom each other to extinction. Maybe they think if they‚Äôre‚Ä¶ https://t.co/1gx0KjrvIG",en
1250643348043464705,Aldanaa1709,,mi mood de cuarentena es estar cansada y triste,es
1250643348035010561,VapinSquirrel,"Calgary, Alberta","Quebec sets up mapping to show where Covid 19 lurks! Stay safe, 2 üèíüèí away from ppl. Where a üò∑ for grocery shopping,‚Ä¶ https://t.co/HEWX1YJAgU",en
1250643348131426304,shullbitsue1,,I've never seen so many stars and figures come out. Good way to try to keep this fake pandemic going wouldn't ya sa‚Ä¶ https://t.co/6snwnVumSF,en
1250643348248985600,GrassGalvaSport,San Juan de lurigancho,"CABINAS DE DESINFECCI√ìN EVITAREMOS EL COVID-19 HECHO EN PER√ö.

Ideal para ingresos a locales comerciales ,oficinas‚Ä¶ https://t.co/AOSjMCZLl5",es
1250643348454625281,Carolinafrva,,"Cuando termine la cuarentena voy a:

1. Donee
2. Yes yes yes
3. Yes pls 
4. Nopi
5. S√≠ii
6. No creo
7. Gu√°cala no
8‚Ä¶ https://t.co/Y3DymKnRlC",es
1250643348446199808,CaraotaDigital,Caracas - Venezuela,Jefe del Pent√°gono acusa a #China de ocultar informaci√≥n vital del coronavirus https://t.co/2fnbYtiRXW,es
1250643348144062466,ZyiteGadgets,http://www.zyite.com/,A basic guide to keep yourself busy during quarantine https://t.co/kWCWRzEkLw https://t.co/BjMM9S9kZo,en
1250643348760727554,BriForney,,"Every time i tell a dude ""hey"" he's like ""yo what if we fucked when this quarantine ends""
But every time i tell a w‚Ä¶ https://t.co/34JSPil7hL",en
1250643348890832897,WrightRate,United States,You are all wrong it‚Äôs not Covid-19 or Covid-1 it‚Äôs plainly the #WuhanVirus #GetItRight,en
1250643349083770881,TelemundoPR,Puerto Rico,Indican que sobn la primera l√≠nea de respuesta en la lucha contra el Covid-19 en Puerto Rico. https://t.co/JxtGzNyakz,es
1250643349427625986,writerdianalee,"Prophetstown, IL",Anybody subscribe to the WSJ? I need this story. https://t.co/dsHncweSt0,en
1250643349406703616,AbdullahThere,,Are u serious?!,en
1250643349561683968,Delightrivera,Orizaba,Qu√© onda con los vatos la cuarentena les est√° afectando m√°s que a nosotras ya no saben ni c√≥mo molestar,es
1250643349620568064,juliasdaisy,,@juliamichaels I hate being in quarantine. How about you?,en
1250643352237686784,omdas2017,,"US explores possibility that coronavirus started in Chinese lab, not a market
https://t.co/0ycm4RfP5V",en
1250643352426557440,kerixciii,LCA üìç,Every day during quarantine,en
1250643352539848704,OliverWattJm,Jamaica,"Official Alleges The U.S. Has Deported Many COVID-19-Positive Migrants To Guatemala

https://t.co/puQaShx0SU",en
1250643352481038336,ne_na_ni_na_na,Belgrade,@SmiteTux @SudsyM @Breaking911 Ffs where do you get information? Mainstream? Try this and put some effort into grow‚Ä¶ https://t.co/vU6ZrgN3nQ,en
1250643352581812224,Juicestorm,UK,"#Betfair Crns (AUS) 16th Apr/R4 950m Mdn at 05:34 CET.

Another LAY on 8. Game Of Circles at 3.75.

New markets on‚Ä¶ https://t.co/x0OZAtBr4L",en
1250643352631930881,alexis_reiza,chile,Necesitamos saber que paso con los m√©dicos desaparecidos en China #NoM√°sOnu,es
1250643352707424258,chasemiddaugh,"Denver, CO",South Korea's ruling party wins election landslide amid coronavirus outbreak https://t.co/E5Vk2HW7dO,en
1250643352770318336,SBSNews,Australia,Protesters in Poland have defied the coronavirus lockdown to oppose a proposal that would tighten already-restricti‚Ä¶ https://t.co/JeVcoxuvs4,en
1250643353374470144,acmenyaq,Instagram: @acmenyaq,BBC News Mundo - Coronavirus: 5 efectos devastadores que la pandemia tendr√° en las econom√≠as de Am√©rica Latina (y 1‚Ä¶ https://t.co/3eFItJMyy7,es
1250643353776996352,MATTHEIS96,"California, USA",Do u have issues with ur face?,en
1250643353592446978,poornimathreya,"Chennai, Tamil Nadu","Join us in our mission to protect vulnerable groups. Donate at https://t.co/nyOrgfP8Jw
#BeatTheVirus #COVID19",en
1250643353965756416,vzxizz,"Los Angeles, CA",@FranRiquez when this quarantine shit is over aye bring uhm yeah w u üëÄüëÄüëÄüëÄ,en
1250643353911406594,VictorP_1097,M√©xico,"El secretario de hacienda es un funcionario muy preparado, tiene grandes virtudes en su curr√≠culum, lamentablemente‚Ä¶ https://t.co/r1Yf3jYtJn",es
1250643356633489408,ThePalinPatriot,"Milwaukee, WI",Nervous Nancy Deletes Video of Herself in Chinatown on February 24 Downplaying Coronavirus - But the Internet is Fo‚Ä¶ https://t.co/AdGhLnLtjk,en
1250643357472342016,AssassinXXW,,"Dr Fauci knew about covid-19 very early. In his Jan 23 paper, he said the fatality rate could be lower than SARS bu‚Ä¶ https://t.co/iSstBc4y1L",en
1250643357627568129,SoySecont,"Valencia, Venezuela",De verdad d√≠ganme sus secretos para estar bellos en cuarentena porque ya yo parezco un periquero.,es
1250643357833060352,JohnJuan13,"Tanhuato, GDL, MEXICO/ Houston","Por Covid-19, HSBC, Banorte y Scotiabank adoptan medidas de apoyo a clientes https://t.co/A4EPaXHp0J via @El_Universal_Mx",es
1250643358193782786,meme_pantoja,"Hidalgo, M√©xico",I got so many dates line up after quarantine is over ü•¥,en
1250643358185373697,JohnMclane_80,,@VianeyTzonteco3 @notimxm @lopezobrador_ @ManuelBartlett @CFEmx @GobiernoMX Hablas de la misma pandemia que esta af‚Ä¶ https://t.co/1hc0UYliFL,es
1250643358135001088,GuguladiM,South Africa | Pretoria.,Partner,en
1250643358365765639,JamesFLoveIV,United States,"@JoyAnnReid That‚Äôs misleading. 

US intelligence and scientists have concluded that COVID-19 is a natural, not man-‚Ä¶ https://t.co/qJlYbPyLG8",en
1250643358294269953,TUOITREVNDANNY,,"#coronavirus #ccpvirus #covid19
CCP Virus Origins Under Investigation, Wuhan P4 Lab Hides Secrets? | Crossroads wit‚Ä¶ https://t.co/t014japvq8",en
1250643360777371648,HerRod_96,"N√∫mero 4, Privet Drive",Busco unas 10 fuentes distintas para comprobar cualquier historia que subo en un podcast con 3 seguidores y √©stas m‚Ä¶ https://t.co/5PG4Xi7kh6,es
1250643360949379077,ArunDev1,Bangalore ,"Karnataka reports 13th COVID-19 related death. P 195, 66-years-male patient from Bangalore died on 15 April in Vict‚Ä¶ https://t.co/YNiHu1qowD",en
1250643360970391554,NBCScottsbluff,"Scottsbluff, NE","Boy, 4, can‚Äôt start chemotherapy for brain cancer due to coronavirus diagnosis https://t.co/YiRNeIKDtH",en
1250643361410756609,PachecoTarquino,Caribe colombiano,"@Susanadeleonc He llegado a pensar que la  pandemia conocida como el Covid 19, es una reacci√≥n de la Naturaleza ant‚Ä¶ https://t.co/zkFvQtpiar",es
1250643361578409991,arimshaw,"Los Angeles, CA",Transgender people in #panama and #peru already experiencing harassment and discrimination in the face of similar l‚Ä¶ https://t.co/qNgE6fChDs,en
1250643361788317701,pauley_a7,"√úT: 41.52245,-81.339175","Imagine my shock, this was Day 1 knowledge. Called it from the jump. #COVID19",en
1250643361897361408,Louangie,,The coronavirus may have leaked from a lab China‚Äôs only Level 4 microbiology lab that is equipped to handle deadly‚Ä¶ https://t.co/sqJ94YvShY,en
1250643361918263297,malolita15,,#FundacionColosioHidalgo te saluda,es
1250643362484494336,tshepii,"Hartford, CT",Can y‚Äôall just focus on the vaccine bruh.,en
1250643364871012352,beckysbjeweled,"Lake Havasu, AZ ",".@Leo4AzHouse Please end the economy-destroying, coronavirus shutdown of businesses in our state, which was provoke‚Ä¶ https://t.co/n6L3UP4D57",en
1250643365508648965,elsimioftirador,"Rosario, Argentina",Ya se los llevo la parka o estan en lista de espera ? üò∑üôè,es
1250643365668032512,trinitydevine_,"North Carolina, USA",did the quarantine/lock down get extended for nc? praying somebody lied to me lol,en
1250643365751934976,MarineauMary,"Boston,Mass","Doggedly following COVID-19 recommendations, Humane Society of Scott County volunteers walk pooches #Topbuzz https://t.co/yXJ4qP6rOj",en
1250643365768466433,DarianAlmaraz,"Monterrey, Nuevo Le√≥n","D√≠a sabe cu√°l de la cuarentena... hoy Fufoüê∫ me gru√±√≥ porque lo mov√≠ del sill√≥n y sin pensarlo... le ladr√©!!!

Weeee‚Ä¶ https://t.co/JK4V1Fy1qm",es
1250643365772886016,spookrider,"√úT: 51.461076,-0.119526",Lookin Good!,en
1250643365865172998,beckysbjeweled,"Lake Havasu, AZ ",".@dougducey Please end the economy-destroying, coronavirus shutdown of businesses in our state, which was provoked‚Ä¶ https://t.co/jQuswcWLZj",en
1250643366074875910,diianalums,Mexico,"Esa gente que aspira pura negatividad, vayan a comer kk en cuarentena",es
1250643366007603201,Outlookindia,"New Delhi, India","Live Updates | A 66-year-old man from Bengaluru, who had tested positive for Coronavirus, died today. He was ventil‚Ä¶ https://t.co/vYokEOlS7R",en
1250643366112423936,live_krish,India,"So its not the shipment from #China that had the #virus..now from where? The #ContactTracing continues... 
#COVID19‚Ä¶ https://t.co/J7z22DegxS",en
1250643366376886275,Droopy_224,,Que dif√≠cil es vivir en el TACHIRA aparte estar en la casa por la cuarentena quitan la luz cada 3 o 6 horas por 6 y‚Ä¶ https://t.co/qIV4GkgX0Q,es
1250643366347329536,kcfitzy,mars ,"if someone doesn‚Äôt play mask off at the first partying go to after quarantine, none of this is worth it.",en
1250643366867611648,mdenis_Ke,"Nairobi, Kenya",Gueesüòç,en
1250643366909526018,HodgenRK,"Bellbrook, OH",How convenient. #neverletagoodcrisisgotowaste,en
1250643366359916545,DiccVicc,,Getting off the phone with my bf after a 4 hour call and wanting to call him immediately back cause I love him and‚Ä¶ https://t.co/CZ162TVNHt,en
1250643367152635904,riclandero,M√©xico,China autoriza pruebas cl√≠nicas de dos vacunas inactivadas contra covid-19 - RT https://t.co/C6lkCfsfNM,es
1250643367177752582,birdonthewire,Bangalore,How nice and uplifting! Such a lovely song too. https://t.co/2g58pw0tB1,en
1250643367152754688,AmericanMadeIV,"Texas, USA","@SpeakerPelosi Do Everyone A Favor Grab A Bottle And A Glass Of #STFU...
We Care Less What Your Poor Excuse For A H‚Ä¶ https://t.co/ltrAuVDngO",en
1250643369057017858,Caritoo,Santiago,"Acabo de comprar un curso de bordado online.. Me voy a graduar de Soa en cuarentena, con todo!!",es
1250643368868102145,MADPHONEAGRAPHY,United States,"@Peternotasimp @HalMuller4 @JustinCarusoDC @DailyCaller 5G doesn‚Äôt spread the virus, it changes the cells in the bo‚Ä¶ https://t.co/9L5HAVbPTM",en
1250643369308631046,a_karolina24,Panam√°,"Al principio pens√© que no iba a durar haciendo ejercicios en cuarentena, pero hace un par de d√≠as que no hago y ya lo extra√±oüòÖ",es
1250643369212010496,DuttaShowmik,"Kolkata, West Bengal","wahh kya suggestion hai, unn sabko chhoro, your family should keep you in life time quarantine inside your home. 10‚Ä¶ https://t.co/IkF0ohgdAZ",en
1250643369144938501,UdnSpeak4me,"Ca, Co, NY, Fl, Ak, USA","Coronavirus: UK to allow people to say goodbye to loved ones ""where poss... https://t.co/wFmlnCaCL8 via @YouTube",en
1250643369530982400,dime_lulu,Groenlandia,Pens√© que era yo nada m√°s que sent√≠a los d√≠as como esmachetaos!!!,es
1250643370365661184,DolarToday,"Caracas, Venezuela","California enviar√° cheques de hasta $1,000 d√≥lares a los indocumentados afectados por el coronavirus https://t.co/QRIJsKJwmP",es
1250643370319523840,kitschgrl,kisses,"anyway. miguel hasn‚Äôt paid any attention to me all day so, although i recognize this is a controversial decision, i‚Ä¶ https://t.co/P3c84dumuO",en
1250643373397950465,JorgeGtz0125,"Sabinas, Coahuila de Zaragoza",Esta cuarentena est√° llena de cosas buenas ‚úåüèº,es
1250643373746204672,lautifalabella,,@DerdoyFelipe @COVID19 No pero con el tapaboca yo no creo que sea eso,es
